{
  "properties": {
    "connectionReferences": {
      "shared_commondataserviceforapps_2": {
        "impersonation": {},
        "runtimeSource": "embedded",
        "connection": {
          "connectionReferenceLogicalName": "amcl_DataverseAMcL"
        },
        "api": {
          "name": "shared_commondataserviceforapps"
        }
      },
      "shared_onedriveforbusiness_1": {
        "runtimeSource": "invoker",
        "connection": {
          "connectionReferenceLogicalName": "amcl_OneDriveForBusinessAMcL"
        },
        "api": {
          "name": "shared_onedriveforbusiness"
        }
      }
    },
    "definition": {
      "$schema": "https://schema.management.azure.com/providers/Microsoft.Logic/schemas/2016-06-01/workflowdefinition.json#",
      "contentVersion": "1.0.0.0",
      "parameters": {
        "$connections": {
          "defaultValue": {},
          "type": "Object"
        },
        "$authentication": {
          "defaultValue": {},
          "type": "SecureObject"
        }
      },
      "triggers": {
        "manual": {
          "metadata": {
            "operationMetadataId": "d47df576-2574-4a75-93ad-11432bf3adf7"
          },
          "type": "Request",
          "kind": "Button",
          "inputs": {
            "schema": {
              "type": "object",
              "properties": {
                "text_1": {
                  "title": "UserEmailMatch",
                  "type": "string",
                  "x-ms-dynamically-added": true,
                  "description": "String for searching for email accounts of the creator of the process - the Dev email or '{your dmain}.com'",
                  "x-ms-content-hint": "TEXT"
                },
                "number": {
                  "title": "MaxProcesses",
                  "type": "number",
                  "x-ms-dynamically-added": true,
                  "description": "The maximum number of processes to document",
                  "x-ms-content-hint": "NUMBER"
                }
              },
              "required": [
                "text_1",
                "number"
              ]
            }
          }
        }
      },
      "actions": {
        "List_Processes_for_Documentation": {
          "runAfter": {},
          "metadata": {
            "operationMetadataId": "5f73d95e-decd-4a07-98e0-3346c3e21856"
          },
          "type": "OpenApiConnection",
          "inputs": {
            "host": {
              "apiId": "/providers/Microsoft.PowerApps/apis/shared_commondataserviceforapps",
              "connectionName": "shared_commondataserviceforapps_2",
              "operationId": "ListRecords"
            },
            "parameters": {
              "entityName": "workflows",
              "$select": "category,statuscode,name,mode,primaryentity,syncworkflowlogonfailure,asyncautodelete,subprocess,processtriggerscope,ondemand,runas,triggeroncreate,triggeronupdateattributelist,processtriggerformid,description,type,rendererobjecttypecode",
              "fetchXml": "<fetch top='@{triggerBody()['number']}'>\n  <entity name='workflow'>\n    <attribute name='category' />\n    <attribute name='statuscode' />\n    <attribute name='name' />\n    <attribute name='createdon' />\n    <attribute name='createdby' />\n    <attribute name='mode' />\n    <attribute name='primaryentity' />\n    <attribute name='syncworkflowlogonfailure' />\n    <attribute name='asyncautodelete' />\n    <attribute name='subprocess' />\n    <attribute name='processtriggerscope' />\n    <attribute name='ondemand' />\n    <attribute name='runas' />\n    <attribute name='triggeroncreate' />\n    <attribute name='triggeronupdateattributelist' />\n    <attribute name='processtriggerformid' />\n    <attribute name='description' />\n    <attribute name=\"scope\" />\n    <attribute name=\"runas\" />\n    <attribute name=\"ownerid\" />\n    <filter>\n      <condition attribute='category' operator='ne' value='1' />\n      <condition attribute='category' operator='ne' value='6' />\n      <condition attribute='category' operator='ne' value='9000' />\n      <condition attribute='type' operator='eq' value='1' />\n      <condition attribute='rendererobjecttypecode' operator='null' />\n    </filter>\n    <order attribute='primaryentity' />\n    <order attribute='category' />\n    <order attribute='name' />\n    <link-entity name='systemuser' from='systemuserid' to='createdby'>\n      <filter>\n        <condition attribute='internalemailaddress' operator='like' value='%@{triggerBody()['text_1']}%' />\n      </filter>\n    </link-entity>\n  </entity>\n</fetch>",
              "$top": "@triggerBody()['number']"
            },
            "authentication": "@parameters('$authentication')"
          },
          "description": "FetchXML gets the columns and the categories we need. Sort order ensures the files will have content in the desired order "
        },
        "Apply_to_each_Process": {
          "foreach": "@outputs('List_Processes_for_Documentation')?['body/value']",
          "actions": {
            "If_Activated": {
              "actions": {
                "Compose_Current_Item": {
                  "runAfter": {},
                  "metadata": {
                    "operationMetadataId": "e4dffc4a-e220-478c-a39f-62385ed87fea"
                  },
                  "type": "Compose",
                  "inputs": "@items('Apply_to_each_Process')",
                  "description": "For issue investigation"
                },
                "If_No_Primary_Entity": {
                  "actions": {
                    "If_Category_same_as_last_time": {
                      "actions": {},
                      "runAfter": {},
                      "else": {
                        "actions": {
                          "Set_variable_-_updated_Current_Process": {
                            "runAfter": {
                              "Append_Category_to_Table": [
                                "Succeeded"
                              ]
                            },
                            "metadata": {
                              "operationMetadataId": "e40622b9-20ba-4b2c-a605-bcb1582f24d9"
                            },
                            "type": "SetVariable",
                            "inputs": {
                              "name": "Current Process",
                              "value": "@items('Apply_to_each_Process')?['category']"
                            }
                          },
                          "Append_Category_to_Table": {
                            "runAfter": {},
                            "metadata": {
                              "operationMetadataId": "5d60a973-66de-463a-aafa-ad27fdd832ee"
                            },
                            "type": "AppendToStringVariable",
                            "inputs": {
                              "name": "Non Table Content",
                              "value": "---\n\n# @{items('Apply_to_each_Process')?['category@OData.Community.Display.V1.FormattedValue']}s\n\n"
                            },
                            "description": "Add H1 with Process Category"
                          }
                        }
                      },
                      "expression": {
                        "equals": [
                          "@items('Apply_to_each_Process')?['category']",
                          "@variables('Current Process')"
                        ]
                      },
                      "metadata": {
                        "operationMetadataId": "464dbfdd-1ec3-4ed7-9fe6-0f39b11a9b09"
                      },
                      "type": "If",
                      "description": "If not same, need to add Process Category to the Contents"
                    },
                    "Switch_on_Process_Category": {
                      "runAfter": {
                        "Append_Name_no_Entity": [
                          "Succeeded"
                        ]
                      },
                      "cases": {
                        "Action": {
                          "case": 3,
                          "actions": {}
                        },
                        "Cloud_Flow": {
                          "case": 5,
                          "actions": {}
                        }
                      },
                      "default": {
                        "actions": {}
                      },
                      "expression": "@items('Apply_to_each_Process')?['category']",
                      "metadata": {
                        "operationMetadataId": "aae9ba21-c0fe-4eb6-bb86-0699a45aa2e1"
                      },
                      "type": "Switch",
                      "description": "Switch included in case different information is relevant for Actions and Cloud Flows"
                    },
                    "Append_Name_no_Entity": {
                      "runAfter": {
                        "If_Category_same_as_last_time": [
                          "Succeeded"
                        ]
                      },
                      "metadata": {
                        "operationMetadataId": "7a02a1b9-1934-4aa0-ae50-e95b41b8720e"
                      },
                      "type": "AppendToStringVariable",
                      "inputs": {
                        "name": "Non Table Content",
                        "value": "## @{items('Apply_to_each_Process')?['name']}\n\n"
                      },
                      "description": "Add H2 with Process Name"
                    },
                    "If_Description_Empty_2": {
                      "actions": {
                        "Append_Empty_Description_to_No_Entity": {
                          "runAfter": {},
                          "metadata": {
                            "operationMetadataId": "68098225-6c48-4e04-9611-9eaa3285c693"
                          },
                          "type": "AppendToStringVariable",
                          "inputs": {
                            "name": "Non Table Content",
                            "value": "| Setting | Value |\n|--|--|\n|Scope| @{items('Apply_to_each_Process')?['scope@OData.Community.Display.V1.FormattedValue']} |\n|Run As| @{items('Apply_to_each_Process')?['runas@OData.Community.Display.V1.FormattedValue']} |\n|Owner Id| @{items('Apply_to_each_Process')?['_ownerid_value@OData.Community.Display.V1.FormattedValue']} |\n\n_No Description_\n\n---\n\n"
                          },
                          "description": "With a note to highlight that there's no Description"
                        }
                      },
                      "runAfter": {
                        "Switch_on_Process_Category": [
                          "Succeeded"
                        ]
                      },
                      "else": {
                        "actions": {
                          "Append_Description_no_Entity": {
                            "runAfter": {},
                            "metadata": {
                              "operationMetadataId": "7a02a1b9-1934-4aa0-ae50-e95b41b8720e"
                            },
                            "type": "AppendToStringVariable",
                            "inputs": {
                              "name": "Non Table Content",
                              "value": "| Setting | Value |\n|--|--|\n|Scope| @{items('Apply_to_each_Process')?['scope@OData.Community.Display.V1.FormattedValue']} |\n|Run As| @{items('Apply_to_each_Process')?['runas@OData.Community.Display.V1.FormattedValue']} |\n|Owner Id| @{items('Apply_to_each_Process')?['_ownerid_value@OData.Community.Display.V1.FormattedValue']} |\n\n@{items('Apply_to_each_Process')?['description']}\n\n---\n\n"
                            },
                            "description": "For non-table contents"
                          }
                        }
                      },
                      "expression": {
                        "equals": [
                          "@items('Apply_to_each_Process')?['description']",
                          "@null"
                        ]
                      },
                      "metadata": {
                        "operationMetadataId": "eef95817-b641-4209-b8b2-807ec6b6e1a1"
                      },
                      "type": "If",
                      "description": "To include description or not "
                    }
                  },
                  "runAfter": {
                    "Compose_Current_Item": [
                      "Succeeded"
                    ]
                  },
                  "else": {
                    "actions": {
                      "Switch_on_Process_Category_for_Specific_Type_Content": {
                        "runAfter": {
                          "Append_Process_Name_to_Table_Content": [
                            "Succeeded"
                          ]
                        },
                        "cases": {
                          "Workflow": {
                            "case": 0,
                            "actions": {
                              "Append_Workflow_Info_to_Table_Content": {
                                "runAfter": {},
                                "type": "AppendToStringVariable",
                                "inputs": {
                                  "name": "Table Content",
                                  "value": "| Setting | Value |\n|--|--|\n|Created On|@{items('Apply_to_each_Process')?['createdon@OData.Community.Display.V1.FormattedValue']}|\n|Created By|@{items('Apply_to_each_Process')?['_createdby_value@OData.Community.Display.V1.FormattedValue']}|\n|Mode|@{items('Apply_to_each_Process')?['mode@OData.Community.Display.V1.FormattedValue']}|\n|Scope| @{items('Apply_to_each_Process')?['scope@OData.Community.Display.V1.FormattedValue']} |\n"
                                },
                                "description": "Add a Markdown table with appropriate contents "
                              },
                              "If_Mode_Real_Time": {
                                "actions": {
                                  "If_Real-Time_logging_failures": {
                                    "actions": {
                                      "Append_Info_to_Table_Content": {
                                        "runAfter": {},
                                        "type": "AppendToStringVariable",
                                        "inputs": {
                                          "name": "Table Content",
                                          "value": "|Log Failures? *| @{items('Apply_to_each_Process')?['syncworkflowlogonfailure@OData.Community.Display.V1.FormattedValue']} |\n\n*Information: Keeping Job history for failures consumes resources. Consider removing  once tested.\n\n"
                                        },
                                        "description": "Add information notice as well as log failures"
                                      }
                                    },
                                    "runAfter": {},
                                    "else": {
                                      "actions": {
                                        "Append_Alt_Info_to_Table_Content": {
                                          "runAfter": {},
                                          "type": "AppendToStringVariable",
                                          "inputs": {
                                            "name": "Table Content",
                                            "value": "|Log Failures?| @{items('Apply_to_each_Process')?['syncworkflowlogonfailure@OData.Community.Display.V1.FormattedValue']} |\n\n"
                                          },
                                          "description": "Add just log failures"
                                        }
                                      }
                                    },
                                    "expression": {
                                      "equals": [
                                        "@items('Apply_to_each_Process')?['syncworkflowlogonfailure']",
                                        "@true"
                                      ]
                                    },
                                    "type": "If",
                                    "description": "Only include information notice if error logging is on"
                                  }
                                },
                                "runAfter": {
                                  "Append_Workflow_Info_to_Table_Content": [
                                    "Succeeded"
                                  ]
                                },
                                "else": {
                                  "actions": {
                                    "If_Workflow_not_set_to_autodelete_jobs_on_completion": {
                                      "actions": {
                                        "Append_Warning_to_Table_Content": {
                                          "runAfter": {},
                                          "type": "AppendToStringVariable",
                                          "inputs": {
                                            "name": "Table Content",
                                            "value": "|Delete Job on Completion? *|**@{items('Apply_to_each_Process')?['asyncautodelete@OData.Community.Display.V1.FormattedValue']}**|\n\n***Warning: Keeping Job history consumes considerable resources. This workflow should be set to Autodelete Jobs on Completion once tested!**\n\n"
                                          },
                                          "description": "Add warning that job history consumes resources"
                                        }
                                      },
                                      "runAfter": {},
                                      "else": {
                                        "actions": {
                                          "Append_Delete_Job_Row": {
                                            "runAfter": {},
                                            "type": "AppendToStringVariable",
                                            "inputs": {
                                              "name": "Table Content",
                                              "value": "|Delete Job on Completion?|@{items('Apply_to_each_Process')?['asyncautodelete@OData.Community.Display.V1.FormattedValue']}|\n\n"
                                            },
                                            "description": "Just add Delete Job on Completion row in table "
                                          }
                                        }
                                      },
                                      "expression": {
                                        "equals": [
                                          "@items('Apply_to_each_Process')?['asyncautodelete']",
                                          "@false"
                                        ]
                                      },
                                      "type": "If",
                                      "description": "Condition to see if warning needs to be added"
                                    }
                                  }
                                },
                                "expression": {
                                  "equals": [
                                    "@items('Apply_to_each_Process')?['mode']",
                                    1
                                  ]
                                },
                                "type": "If",
                                "description": "Provide different information for real-time and background workflows"
                              }
                            }
                          },
                          "Business_Rule": {
                            "case": 2,
                            "actions": {
                              "If_Business_scope_is_a_Form_": {
                                "actions": {
                                  "Get_CRM_Table_for_Business_Rule": {
                                    "runAfter": {},
                                    "type": "OpenApiConnection",
                                    "inputs": {
                                      "host": {
                                        "apiId": "/providers/Microsoft.PowerApps/apis/shared_commondataserviceforapps",
                                        "connectionName": "shared_commondataserviceforapps_2",
                                        "operationId": "GetItem"
                                      },
                                      "parameters": {
                                        "entityName": "systemforms",
                                        "recordId": "@items('Apply_to_each_Process')?['processtriggerformid']",
                                        "$select": "name"
                                      },
                                      "authentication": "@parameters('$authentication')"
                                    },
                                    "description": "Get the System Form name that the rule is associated with. This can't be included in the list rows as it isn't a GUID that can be included in the FetchXML."
                                  },
                                  "Append_Form_Name_to_Content": {
                                    "runAfter": {
                                      "Get_CRM_Table_for_Business_Rule": [
                                        "Succeeded"
                                      ]
                                    },
                                    "type": "AppendToStringVariable",
                                    "inputs": {
                                      "name": "Table Content",
                                      "value": "| Setting | Value |\n|--|--|\n|Created On|@{items('Apply_to_each_Process')?['createdon@OData.Community.Display.V1.FormattedValue']}|\n|Created By|@{items('Apply_to_each_Process')?['_createdby_value@OData.Community.Display.V1.FormattedValue']}|\n|Scope|@{items('Apply_to_each_Process')?['processtriggerscope@OData.Community.Display.V1.FormattedValue']}|\n|Form Name (single form)|@{outputs('Get_CRM_Table_for_Business_Rule')?['body/name']}|\n\n"
                                    },
                                    "description": "Add table with details and the Form name"
                                  }
                                },
                                "runAfter": {},
                                "else": {
                                  "actions": {
                                    "Close_Table": {
                                      "runAfter": {},
                                      "type": "AppendToStringVariable",
                                      "inputs": {
                                        "name": "Table Content",
                                        "value": "| Setting | Value |\n|--|--|\n|Created On|@{items('Apply_to_each_Process')?['createdon@OData.Community.Display.V1.FormattedValue']}|\n|Created By|@{items('Apply_to_each_Process')?['_createdby_value@OData.Community.Display.V1.FormattedValue']}|\n|Scope|@{items('Apply_to_each_Process')?['processtriggerscope@OData.Community.Display.V1.FormattedValue']}|\n\n"
                                      },
                                      "description": "Output table with details and two blank lines to close the table."
                                    }
                                  }
                                },
                                "expression": {
                                  "not": {
                                    "equals": [
                                      "@items('Apply_to_each_Process')?['processtriggerformid']",
                                      "@null"
                                    ]
                                  }
                                },
                                "type": "If",
                                "description": "Process Trigger Form Id is the GUID for the Form"
                              }
                            }
                          },
                          "Action": {
                            "case": 3,
                            "actions": {}
                          },
                          "Business_Process_Flow": {
                            "case": 4,
                            "actions": {}
                          }
                        },
                        "default": {
                          "actions": {}
                        },
                        "expression": "@items('Apply_to_each_Process')?['category']",
                        "metadata": {
                          "operationMetadataId": "a7e4327f-ecdd-4ca0-92f6-ed17c6c921c0"
                        },
                        "type": "Switch"
                      },
                      "If_Table_same_as_last_time": {
                        "actions": {},
                        "runAfter": {},
                        "else": {
                          "actions": {
                            "Set_current_variable_with_updated_value_": {
                              "runAfter": {
                                "Append_Entity_to_Contents_as_H1": [
                                  "Succeeded"
                                ]
                              },
                              "metadata": {
                                "operationMetadataId": "e40622b9-20ba-4b2c-a605-bcb1582f24d9"
                              },
                              "type": "SetVariable",
                              "inputs": {
                                "name": "Current Table",
                                "value": "@items('Apply_to_each_Process')?['primaryentity']"
                              }
                            },
                            "Append_Entity_to_Contents_as_H1": {
                              "runAfter": {},
                              "metadata": {
                                "operationMetadataId": "5d60a973-66de-463a-aafa-ad27fdd832ee"
                              },
                              "type": "AppendToStringVariable",
                              "inputs": {
                                "name": "Table Content",
                                "value": "---\n\n# @{items('Apply_to_each_Process')?['primaryentity@OData.Community.Display.V1.FormattedValue']} (@{items('Apply_to_each_Process')?['primaryentity']})\n\n"
                              },
                              "description": "Add line and H1"
                            },
                            "Reset_Current_Process_with_Table_Changes": {
                              "runAfter": {
                                "Set_current_variable_with_updated_value_": [
                                  "Succeeded"
                                ]
                              },
                              "metadata": {
                                "operationMetadataId": "2e70c78f-6f78-4022-af43-58754b3c43e6"
                              },
                              "type": "SetVariable",
                              "inputs": {
                                "name": "Current Process",
                                "value": -1
                              }
                            }
                          }
                        },
                        "expression": {
                          "equals": [
                            "@items('Apply_to_each_Process')?['primaryentity']",
                            "@variables('Current Table')"
                          ]
                        },
                        "metadata": {
                          "operationMetadataId": "464dbfdd-1ec3-4ed7-9fe6-0f39b11a9b09"
                        },
                        "type": "If",
                        "description": "If different table, add header  "
                      },
                      "If_Category_same_as_last_time_2": {
                        "actions": {},
                        "runAfter": {
                          "If_Table_same_as_last_time": [
                            "Succeeded"
                          ]
                        },
                        "else": {
                          "actions": {
                            "Set_variable_with_updated_Category": {
                              "runAfter": {
                                "Append_Category_to_Table_as_H2": [
                                  "Succeeded"
                                ]
                              },
                              "metadata": {
                                "operationMetadataId": "e40622b9-20ba-4b2c-a605-bcb1582f24d9"
                              },
                              "type": "SetVariable",
                              "inputs": {
                                "name": "Current Process",
                                "value": "@items('Apply_to_each_Process')?['category']"
                              }
                            },
                            "Append_Category_to_Table_as_H2": {
                              "runAfter": {},
                              "metadata": {
                                "operationMetadataId": "5d60a973-66de-463a-aafa-ad27fdd832ee"
                              },
                              "type": "AppendToStringVariable",
                              "inputs": {
                                "name": "Table Content",
                                "value": "## @{items('Apply_to_each_Process')?['category@OData.Community.Display.V1.FormattedValue']}s for @{items('Apply_to_each_Process')?['primaryentity@OData.Community.Display.V1.FormattedValue']}\n\n"
                              },
                              "description": "Adding the table name to give unique H2 for lint compliance"
                            }
                          }
                        },
                        "expression": {
                          "equals": [
                            "@items('Apply_to_each_Process')?['category']",
                            "@variables('Current Process')"
                          ]
                        },
                        "metadata": {
                          "operationMetadataId": "464dbfdd-1ec3-4ed7-9fe6-0f39b11a9b09"
                        },
                        "type": "If",
                        "description": "If different category, add header"
                      },
                      "Append_Process_Name_to_Table_Content": {
                        "runAfter": {
                          "If_Category_same_as_last_time_2": [
                            "Succeeded"
                          ]
                        },
                        "metadata": {
                          "operationMetadataId": "526af8c1-1f5f-4e1c-9214-009ccc223aa5"
                        },
                        "type": "AppendToStringVariable",
                        "inputs": {
                          "name": "Table Content",
                          "value": "### @{items('Apply_to_each_Process')?['name']}\n\n"
                        },
                        "description": "Add Process Name H3 "
                      },
                      "If_Description_Empty": {
                        "actions": {
                          "Append_Empty_Description_to_Table_Content": {
                            "runAfter": {},
                            "metadata": {
                              "operationMetadataId": "68098225-6c48-4e04-9611-9eaa3285c693"
                            },
                            "type": "AppendToStringVariable",
                            "inputs": {
                              "name": "Table Content",
                              "value": "_No Description_\n\n---\n\n"
                            },
                            "description": "Emphasis to encourage description to be written and close the section with a line"
                          }
                        },
                        "runAfter": {
                          "Switch_on_Process_Category_for_Specific_Type_Content": [
                            "Succeeded"
                          ]
                        },
                        "else": {
                          "actions": {
                            "Append_Description_to_Table_Content": {
                              "runAfter": {},
                              "metadata": {
                                "operationMetadataId": "68098225-6c48-4e04-9611-9eaa3285c693"
                              },
                              "type": "AppendToStringVariable",
                              "inputs": {
                                "name": "Table Content",
                                "value": "@{items('Apply_to_each_Process')?['description']}\n\n---\n\n"
                              },
                              "description": "Include description and close the section with a line"
                            }
                          }
                        },
                        "expression": {
                          "equals": [
                            "@items('Apply_to_each_Process')?['description']",
                            "@null"
                          ]
                        },
                        "metadata": {
                          "operationMetadataId": "c6d461f6-9c4a-4f85-86a2-6ba4332fe649"
                        },
                        "type": "If",
                        "description": "Check if there's a description for the Process"
                      }
                    }
                  },
                  "expression": {
                    "equals": [
                      "@items('Apply_to_each_Process')?['primaryentity']",
                      "none"
                    ]
                  },
                  "metadata": {
                    "operationMetadataId": "af1539c9-5df9-4700-ac95-57f5d8d0fd1d"
                  },
                  "type": "If",
                  "description": "To sort into generic and table specific processes"
                }
              },
              "runAfter": {},
              "else": {
                "actions": {
                  "If_Description_has_contents": {
                    "actions": {
                      "Append_to_Draft_Content": {
                        "runAfter": {
                          "RemoveUnwanted": [
                            "Succeeded"
                          ]
                        },
                        "metadata": {
                          "operationMetadataId": "51cffa1e-2f4a-45f3-a155-6d4b1296b9aa"
                        },
                        "type": "AppendToStringVariable",
                        "inputs": {
                          "name": "Draft Process Content",
                          "value": "|@{items('Apply_to_each_Process')?['primaryentity@OData.Community.Display.V1.FormattedValue']}|@{items('Apply_to_each_Process')?['category@OData.Community.Display.V1.FormattedValue']}|@{items('Apply_to_each_Process')?['name']}|@{join(body('RemoveUnwanted'), '')} |\n"
                        },
                        "description": "Add row to Draft Content including the Description with unwanted characters removed"
                      },
                      "RemoveUnwanted": {
                        "runAfter": {},
                        "metadata": {
                          "operationMetadataId": "805dd483-438d-43e8-8566-dfcf4a97561b"
                        },
                        "type": "Select",
                        "inputs": {
                          "from": "@range(0, length(items('Apply_to_each_Process')?['description']) )",
                          "select": "@if\r\n(\r\n  contains(variables('Unwanted Characters'), substring(items('Apply_to_each_Process')?['description'], item(), 1)), \r\n  ' ', \r\n  substring(items('Apply_to_each_Process')?['description'], item(), 1)\r\n) "
                        },
                        "description": "Select used to transform string to array. See https://www.tachytelic.net/2020/10/remove-unwanted-characters-power-automate-flow/"
                      }
                    },
                    "runAfter": {},
                    "else": {
                      "actions": {
                        "Append_basic_info_to_Draft_Content": {
                          "runAfter": {},
                          "metadata": {
                            "operationMetadataId": "c2627a2c-6c31-46b6-9d1f-39f0a1457b4c"
                          },
                          "type": "AppendToStringVariable",
                          "inputs": {
                            "name": "Draft Process Content",
                            "value": "|@{items('Apply_to_each_Process')?['primaryentity@OData.Community.Display.V1.FormattedValue']} |@{items('Apply_to_each_Process')?['category@OData.Community.Display.V1.FormattedValue']} |@{items('Apply_to_each_Process')?['name']} | |\n"
                          }
                        }
                      }
                    },
                    "expression": {
                      "not": {
                        "equals": [
                          "@items('Apply_to_each_Process')?['description']",
                          "@null"
                        ]
                      }
                    },
                    "metadata": {
                      "operationMetadataId": "f0c37b30-dac2-45e1-a6bc-93eef382d837"
                    },
                    "type": "If"
                  }
                }
              },
              "expression": {
                "equals": [
                  "@items('Apply_to_each_Process')?['statuscode']",
                  2
                ]
              },
              "metadata": {
                "operationMetadataId": "3d2567a9-b534-4a03-9680-b18574f35682"
              },
              "type": "If",
              "description": "Separate into Activated and Draft Processes"
            }
          },
          "runAfter": {
            "Initialize_variable_Unwanted_Characters": [
              "Succeeded"
            ]
          },
          "metadata": {
            "operationMetadataId": "df0aa825-0775-4944-9a52-6efc49e44844"
          },
          "type": "Foreach"
        },
        "Initialize_variable_Table_Content": {
          "runAfter": {
            "Initialize_variable_Current_Process": [
              "Succeeded"
            ]
          },
          "metadata": {
            "operationMetadataId": "4dbf9290-6380-4baa-ab7b-7e2bfc9cd59a"
          },
          "type": "InitializeVariable",
          "inputs": {
            "variables": [
              {
                "name": "Table Content",
                "type": "string",
                "value": "[[_TOC_]]\n\nRun on: @{formatDateTime(utcNow(),'d MMM yyyy hh:mm')}\n\n"
              }
            ]
          }
        },
        "Initialize_variable_Current_Table": {
          "runAfter": {
            "List_Processes_for_Documentation": [
              "Succeeded"
            ]
          },
          "metadata": {
            "operationMetadataId": "44e1d55b-7eab-40f2-84a2-fa1055522c41"
          },
          "type": "InitializeVariable",
          "inputs": {
            "variables": [
              {
                "name": "Current Table",
                "type": "string"
              }
            ]
          }
        },
        "Compose_Non_Table_Content": {
          "runAfter": {
            "Apply_to_each_Process": [
              "Succeeded"
            ]
          },
          "metadata": {
            "operationMetadataId": "ae8d1431-7b9e-49ad-84e9-0f9a3cfe5fac"
          },
          "type": "Compose",
          "inputs": "@variables('Non Table Content')",
          "description": "To capture the results in case the create file doesn't work"
        },
        "Initialize_variable_Non_Table_Content": {
          "runAfter": {
            "Initialize_variable_Table_Content": [
              "Succeeded"
            ]
          },
          "metadata": {
            "operationMetadataId": "408a34ba-fd17-4c41-87dd-996ad2566843"
          },
          "type": "InitializeVariable",
          "inputs": {
            "variables": [
              {
                "name": "Non Table Content",
                "type": "string",
                "value": "[[_TOC_]]\n\nRun on @{formatDateTime(utcNow(),'d MMM yyyy hh:mm')}\n\n"
              }
            ]
          }
        },
        "Initialize_variable_Current_Process": {
          "runAfter": {
            "Initialize_variable_Current_Table": [
              "Succeeded"
            ]
          },
          "metadata": {
            "operationMetadataId": "5945e0ac-db6c-4f84-becb-905f91c18a06"
          },
          "type": "InitializeVariable",
          "inputs": {
            "variables": [
              {
                "name": "Current Process",
                "type": "integer"
              }
            ]
          }
        },
        "Create_Non_Table_file_on_OneDrive_": {
          "runAfter": {
            "Compose_Draft_Process_Content": [
              "Succeeded"
            ]
          },
          "metadata": {
            "operationMetadataId": "2c0fc903-b837-41a0-bd01-b3d3735e51ad"
          },
          "type": "OpenApiConnection",
          "inputs": {
            "host": {
              "apiId": "/providers/Microsoft.PowerApps/apis/shared_onedriveforbusiness",
              "connectionName": "shared_onedriveforbusiness_1",
              "operationId": "CreateFile"
            },
            "parameters": {
              "folderPath": "/",
              "name": "FlowsActions.md",
              "body": "@variables('Non Table Content')"
            },
            "authentication": {
              "value": "@json(decodeBase64(triggerOutputs().headers['X-MS-APIM-Tokens']))['$ConnectionKey']",
              "type": "Raw"
            }
          },
          "description": "This will be on the same tenant as D365",
          "runtimeConfiguration": {
            "contentTransfer": {
              "transferMode": "Chunked"
            }
          }
        },
        "Create_Table_file_on_OneDrive": {
          "runAfter": {
            "Create_Non_Table_file_on_OneDrive_": [
              "Succeeded"
            ]
          },
          "metadata": {
            "operationMetadataId": "4527b981-6c68-48ab-927c-90290811bbf6"
          },
          "type": "OpenApiConnection",
          "inputs": {
            "host": {
              "apiId": "/providers/Microsoft.PowerApps/apis/shared_onedriveforbusiness",
              "connectionName": "shared_onedriveforbusiness_1",
              "operationId": "CreateFile"
            },
            "parameters": {
              "folderPath": "/",
              "name": "WorkflowsBusinessRulesBPFsActions.md",
              "body": "@variables('Table Content')"
            },
            "authentication": {
              "value": "@json(decodeBase64(triggerOutputs().headers['X-MS-APIM-Tokens']))['$ConnectionKey']",
              "type": "Raw"
            }
          },
          "runtimeConfiguration": {
            "contentTransfer": {
              "transferMode": "Chunked"
            }
          }
        },
        "Compose_Table_Content": {
          "runAfter": {
            "Compose_Non_Table_Content": [
              "Succeeded"
            ]
          },
          "metadata": {
            "operationMetadataId": "eb7cf026-bc62-47f7-b1a0-31e1a724596a"
          },
          "type": "Compose",
          "inputs": "@variables('Table Content')",
          "description": "To capture the results in case the create file doesn't work"
        },
        "Initialize_variable_Draft_Process_Content": {
          "runAfter": {
            "Initialize_variable_Non_Table_Content": [
              "Succeeded"
            ]
          },
          "metadata": {
            "operationMetadataId": "ba08c87b-9a43-4885-8010-c2306af982b3"
          },
          "type": "InitializeVariable",
          "inputs": {
            "variables": [
              {
                "name": "Draft Process Content",
                "type": "string",
                "value": "[[_TOC_]]\n\nThe following processes were Draft on @{formatDateTime(utcNow(),'d MMM yyyy hh:mm')}.\n\n|Table|Process Type|Process Name|Description|\n|--|--|--|--|\n"
              }
            ]
          }
        },
        "Create_Draft_Process_file_on_OneDrive": {
          "runAfter": {
            "Create_Table_file_on_OneDrive": [
              "Succeeded"
            ]
          },
          "metadata": {
            "operationMetadataId": "4527b981-6c68-48ab-927c-90290811bbf6"
          },
          "type": "OpenApiConnection",
          "inputs": {
            "host": {
              "apiId": "/providers/Microsoft.PowerApps/apis/shared_onedriveforbusiness",
              "connectionName": "shared_onedriveforbusiness_1",
              "operationId": "CreateFile"
            },
            "parameters": {
              "folderPath": "/",
              "name": "DraftProcesses.md",
              "body": "@variables('Draft Process Content')"
            },
            "authentication": {
              "value": "@json(decodeBase64(triggerOutputs().headers['X-MS-APIM-Tokens']))['$ConnectionKey']",
              "type": "Raw"
            }
          },
          "runtimeConfiguration": {
            "contentTransfer": {
              "transferMode": "Chunked"
            }
          }
        },
        "Compose_Draft_Process_Content": {
          "runAfter": {
            "Compose_Table_Content": [
              "Succeeded"
            ]
          },
          "metadata": {
            "operationMetadataId": "2c5f15e8-d34e-46bc-8ac7-ad49dad039f5"
          },
          "type": "Compose",
          "inputs": "@variables('Draft Process Content')"
        },
        "Initialize_variable_Unwanted_Characters": {
          "runAfter": {
            "Initialize_variable_Draft_Process_Content": [
              "Succeeded"
            ]
          },
          "metadata": {
            "operationMetadataId": "bf558ec8-a4a3-48f3-b3af-ebe961faf511"
          },
          "type": "InitializeVariable",
          "inputs": {
            "variables": [
              {
                "name": "Unwanted Characters",
                "type": "array",
                "value": [
                  "\n",
                  "\r",
                  "|"
                ]
              }
            ]
          },
          "description": "Characters unwanted in the table for draft processes"
        }
      },
      "outputs": {}
    },
    "templateName": null
  },
  "schemaVersion": "1.0.0.0"
}